Country,density
Monaco,18680.902
Singapore,7851.006
Bahrain,1929.991
Maldives,1747.02
Malta,1660.972
Bangladesh,1301.259
Sint Maarten,1239.382
Bermuda,1199.056
Barbados,656.553
Mauritius,632.21
Aruba,596.167
Nauru,590.05
St. Martin,577.4
San Marino,562.583
Lebanon,561.534
Rwanda,553.345
South-korea,529.432
Netherlands,525.72
Burundi,518.734
India,479.426
Comoros,448.247
Haiti,417.402
Belgium,383.033
Philippines,382.213
Puerto Rico,363.034
Sri Lanka,358.568
Grenada,343.862
Japan,343.278
Curacao,337.829
Tuvalu,333.067
Vietnam,318.033
Pakistan,316.133
Guam,305.889
El-salvador,303.104
Virgin Islands,301.18
Cayman-islands,298.296
Saint-Lucia,293.084
Uk,280.209
Trinidad and Tobago,266.239
Jamaica,262.155
St. Vincent and the Grenadines,261.656
Seychelles,260.604
Gambia,260.521
Kuwait,257.556
British Virgin Islands,255.46
Luxembourg,253.685
Liechtenstein,246.831
Nigeria,245.013
American Samoa,241.71
Germany,239.861
Uganda,235.95
Sao Tome and Principe,235.734
Dominican-republic,233.012
Qatar,231.274
Marshall Islands,222.65
Switzerland,222.151
North Korea,218.66
Malawi,218.166
Antigua and Barbuda,211.0
Nepal,207.293
Italy,199.559
St. Kitts and Nevis,179.65
Andorra,169.585
Togo,167.121
Guatemala,166.554
Kiribati,161.073
Micronesia,160.163
China,150.42
Isle of Man,147.6
Denmark,147.576
Indonesia,147.33
Tonga,145.892
Ghana,145.689
Cyprus,144.088
United-arab-emirates,141.861
Thailand,140.412
Czech,138.291
Cabo Verde,128.968
Jordan,126.768
France,124.307
Azerbaijan,122.707
Benin,122.025
Syrian Arab Republic,121.299
Poland,120.297
Sierra Leone,114.669
Portugal,113.905
Egypt,113.133
Slovakia,112.973
Ethiopia,111.1
Turkey,110.417
Austria,109.572
Cuba,106.549
Hungary,105.68
Malaysia,105.602
Slovenia,104.888
Armenia,104.292
Iraq,101.515
Albania,101.376
Northern Mariana Islands,100.17
Costa-rica,99.525
Cambodia,97.449
Spain,95.573
Kenya,95.324
Honduras,93.519
Timor-Leste,92.084
Senegal,91.68
Dominica,89.101
Moldova,88.024
Brunei,86.408
Morocco,83.641
Romania,82.791
Myanmar,82.364
Burkina Faso,82.27
Greece,80.969
French Polynesia,80.777
Uzbekistan,79.289
Serbia,79.254
Tunisia,78.008
Samoa,77.432
Lesotho,75.3
Ireland,74.985
Guinea-Bissau,74.877
Tajikistan,73.364
Tanzania,73.055
North Macedonia,72.629
Yemen,72.396
Ecuador,71.766
Eswatini,70.867
Ukraine,70.847
Croatia,68.9
Mexico,66.161
Georgia,64.952
Equatorial Guinea,64.298
Bosnia,62.594
Afghanistan,62.216
Bulgaria,61.195
Panama,59.326
Cameroon,58.456
Guinea,57.2
Nicaragua,55.93
Liberia,55.786
Iran,55.177
Madagascar,52.316
South-africa,51.421
Fiji,50.324
Djibouti,49.055
Turks and Caicos Islands,48.26
Colombia,46.632
Montenegro,45.889
Belarus,45.461
Lithuania,45.231
Democratic Republic of Congo,45.167
Zimbabwe,41.538
Mozambique,41.527
Bahamas,39.714
Faroe-islands,39.381
Palau,38.607
Us,36.433
Kyrgyz Republic,36.367
Lao PDR,32.751
Venezuela,31.986
Estonia,31.567
Latvia,30.201
Angola,28.583
Somalia,28.377
Eritrea,28.168
Solomon Islands,27.905
Zambia,27.11
Sudan,26.436
Chile,26.298
Peru,26.153
Sweden,25.749
Vanuatu,25.681
Brazil,25.162
Papua New Guinea,22.531
Bhutan,20.475
Niger,19.983
New-zealand,19.434
Uruguay,19.374
Algeria,19.094
Mali,18.909
Finland,18.28
Republic of Congo,17.672
Belize,17.656
South Sudan,17.441
Paraguay,17.071
Argentina,16.592
New Caledonia,15.707
Turkmenistan,15.386
Oman,15.283
Norway,14.981
Saudi Arabia,14.967
Chad,14.656
Bolivia,11.148
Gabon,9.434
Russia,8.807
Central African Republic,8.183
Kazakhstan,7.421
Mauritania,4.73
Canada,4.431
Botswana,4.305
Guyana,4.174
Libya,4.106
Suriname,3.882
Iceland,3.789
Namibia,3.51
Australia,3.382
Mongolia,2.205
Greenland,0.138